
SOLVER START 2026-09-06T17:27:38.882959+00:00
Initial seed for pseudo-random number generator is 1788715658

--------------- INPUT DATA ---------------
#variables                      15
#equations                      43
#invalid equations               0
field characteristic             5
homogeneous input?               0
signature-based computation      0
monomial order                 DRL
basis hash table resetting     OFF
linear algebra option            2
initial hash table size     131072 (2^17)
max pair selection             250
reduce gb                        1
#threads                        10
info level                       2
generate pbm files               0
------------------------------------------

Legend for f4 information
--------------------------------------------------------
deg       current degree of pairs selected in this round
sel       number of pairs selected in this round
pairs     total number of pairs in pair list
mat       matrix dimensions (# rows x # columns)
density   density of the matrix
new data  # new elements for basis in this round
          # zero reductions during linear algebra
time(rd)  time of the current f4 round in seconds given
          for real and cpu time
--------------------------------------------------------

deg     sel   pairs        mat          density            new data         time(rd) in sec (real|cpu)
------------------------------------------------------------------------------------------------------
  5      10     165      60 x 845         9.56%        8 new       2 zero         0.00 | 0.00         
  5       1     214     203 x 1381        2.66%        1 new       0 zero         0.00 | 0.00         
  6      47     221    1030 x 5533        1.25%       43 new       4 zero         0.00 | 0.01         
  6     103     460    2282 x 13996       1.28%       77 new      26 zero         0.02 | 0.03         
  6     177    1080    2839 x 17212       2.33%      150 new      27 zero         0.04 | 0.10         
  6      51    2544    2314 x 17455       2.41%       45 new       6 zero         0.02 | 0.04         
  6      40    2865    2369 x 17668       3.00%       33 new       7 zero         0.03 | 0.04         
  6       8    3223    1719 x 14817       2.15%        8 new       0 zero         0.01 | 0.01         
  7     250    3282    4909 x 21213       1.66%       93 new     157 zero         0.05 | 0.09         
  5       9    3772     519 x 4319        3.81%        9 new       0 zero         0.00 | 0.01         
  5      15    3560     543 x 5055        3.48%       13 new       2 zero         0.00 | 0.01         
  6     222    3310    4238 x 23071       2.65%      109 new     113 zero         0.07 | 0.13         
  5      63    4007     695 x 4578        4.79%       63 new       0 zero         0.01 | 0.02         
  5     116    4283     766 x 4381        8.43%      100 new      16 zero         0.02 | 0.04         
  6     251    5430    3522 x 14012       3.79%      145 new     106 zero         0.06 | 0.11         
  6     252    6582    3160 x 14758       5.94%      227 new      25 zero         0.11 | 0.22         
  4      61    6151     281 x 1161       11.54%       11 new      50 zero         0.00 | 0.01         
  5     250    6207    1390 x 5132        4.93%      136 new     114 zero         0.04 | 0.06         
  5     193    6868    1930 x 9034        4.20%       61 new     132 zero         0.03 | 0.04         
  5      29    7279     901 x 5310        8.53%       24 new       5 zero         0.01 | 0.02         
  6     251    7497    2878 x 10654       3.34%       69 new     182 zero         0.04 | 0.07         
  6     250    7908    2963 x 13093       4.34%      205 new      49 zero         0.12 | 0.21         
  6     250    9924    4387 x 15635       4.76%      197 new      56 zero         0.15 | 0.28         
  6     250   12089    3844 x 14504       7.60%      186 new      64 zero         0.17 | 0.37         
  6     251   14013    4801 x 15945       7.28%      139 new     112 zero         0.18 | 0.42         
  6     250   15505    4433 x 14961       9.73%       30 new     227 zero         0.13 | 0.40         
  6     252   15635    6492 x 18310       6.29%       78 new     176 zero         0.19 | 0.55         
  6     251   16438    6432 x 17544       6.84%        2 new     249 zero         0.16 | 0.54         
  6     251   16215    7923 x 19765       5.29%        4 new     247 zero         0.16 | 0.56         
  6     250   15992    9273 x 21397       4.55%       12 new     277 zero         0.18 | 0.68         
  5       4   15821    1113 x 11636       8.90%        4 new       0 zero         0.02 | 0.02         
  6     250   15894   10152 x 22554       4.07%       14 new     258 zero         0.19 | 0.66         
  5       7   15920    1023 x 11607       3.42%        6 new       1 zero         0.02 | 0.02         
  6     250   16092   11141 x 23808       3.68%       29 new     232 zero         0.20 | 0.67         
  5      11   16115    1079 x 11699       4.06%        9 new       2 zero         0.02 | 0.02         
  6     250   16292   12143 x 34959       3.58%      182 new      68 zero         0.40 | 1.12         
  6     250   18010   12531 x 37409       3.97%      228 new      22 zero         0.56 | 1.65         
  6     250   20330   13279 x 39504       4.53%      237 new      13 zero         0.72 | 2.26         
  6     250   22857   12582 x 38912       5.73%      230 new      20 zero         0.78 | 2.53         
  6     250   25181   13218 x 40429       6.03%      223 new      27 zero         0.86 | 2.61         
  6     251   27378   14797 x 41714       5.94%      231 new      20 zero         1.01 | 3.22         
  6     250   29402   15954 x 43974       5.91%      228 new      22 zero         1.13 | 3.64         
  6     250   31471   15904 x 43468       6.28%      160 new      90 zero         1.11 | 3.37         
  6     252   33049   16382 x 43948       6.42%      186 new      66 zero         1.21 | 3.99         
  6     250   35225   16915 x 44503       6.66%      156 new      94 zero         1.35 | 4.77         
  6     251   36759   16528 x 43082       7.28%      171 new      80 zero         1.31 | 4.41         
  6     250   37579   15133 x 41006       7.13%      174 new      76 zero         1.02 | 2.48         
  6     250   37529   13293 x 35802       5.94%      141 new     110 zero         0.72 | 1.92         
  6     250   38127   14923 x 39970       6.61%      107 new     143 zero         1.00 | 3.24         
  6     250   39122   16965 x 42948       7.80%      185 new      65 zero         1.58 | 5.67         
  6     250   41082   17639 x 43488       7.87%      160 new      90 zero         1.68 | 6.29         
  6     250   42564   18445 x 44811       7.87%       73 new     177 zero         1.72 | 6.81         
  6     251   43177   19031 x 46251       7.67%       76 new     175 zero         1.50 | 5.65         
  6     251   43836   18939 x 45848       7.69%       72 new     179 zero         1.38 | 5.04         
  6     251   44483   19593 x 46563       7.61%       62 new     189 zero         1.56 | 5.75         
  6     251   44927   19727 x 46462       7.77%       78 new     173 zero         1.68 | 6.58         
  6     251   45627   19705 x 46027       8.01%       79 new     172 zero         1.77 | 7.16         
  6     251   46341   19966 x 46354       8.06%      141 new     110 zero         1.98 | 7.80         
  6     251   47777   20868 x 48078       7.86%      149 new     102 zero         1.87 | 6.49         
  6     250   48908   20726 x 47587       8.10%      126 new     124 zero         1.90 | 7.26         
  6     250   49934   21126 x 47884       8.10%      140 new     110 zero         2.00 | 7.75         
  6     250   49332   13801 x 36426       6.56%      120 new     130 zero         0.83 | 2.46         
  6     250   49094   12513 x 32245       5.82%        3 new     247 zero         0.41 | 1.23         
  6     250   48879   16201 x 40404       8.56%       66 new     184 zero         1.21 | 4.37         
  6     250   49401   17957 x 42568       9.21%       23 new     227 zero         1.52 | 6.27         
  6     250   49331   21613 x 48039       7.97%       28 new     222 zero         1.79 | 7.40         
  6     250   49395   21266 x 46944       8.18%       20 new     230 zero         1.94 | 8.68         
  6     250   49477   21369 x 47041       8.22%       23 new     227 zero         2.03 | 8.77         
  6     250   49803   21143 x 46890       8.35%       18 new     232 zero         2.09 | 9.20         
  6     251   49833   21520 x 47305       8.22%       35 new     216 zero         2.08 | 9.44         
  6     250   50090   21908 x 47779       8.13%       32 new     218 zero         2.17 | 9.87         
  6      33   50240   21517 x 47648       8.19%       16 new      17 zero         1.33 | 2.27         
  7     250   50445   11659 x 23778       4.45%        0 new     250 zero         0.26 | 0.96         
  7     251   50195   18220 x 42325       6.47%        9 new     242 zero         0.86 | 2.10         
  7     250   50074   22589 x 49149       7.88%      101 new     149 zero         1.92 | 6.31         
  7     251   51171   23464 x 49922       7.66%       93 new     158 zero         2.09 | 7.79         
  7     250   51925   23025 x 49391       8.04%       34 new     216 zero         1.97 | 7.55         
  7     250   52055   23283 x 49615       8.05%      128 new     122 zero         2.19 | 8.03         
  7     250   53294   23781 x 49976       7.97%      141 new     109 zero         2.32 | 8.60         
  7     250   54788   25285 x 51348       7.56%       92 new     158 zero         2.30 | 8.91         
  7     251   55724   25123 x 51087       7.72%      115 new     136 zero         2.39 | 9.22         
  7     250   56820   24098 x 49945       8.15%       63 new     187 zero         2.22 | 8.44         
  7     250   57303   25565 x 51357       7.75%       26 new     225 zero         2.21 | 8.57         
  7     250   57679   25265 x 51103       7.95%       30 new     220 zero         2.26 | 9.16         
  7     250   57802   26234 x 52086       7.69%       20 new     236 zero         2.36 | 9.89         
  7     250   57832   26593 x 52431       7.60%        7 new     243 zero         2.39 | 10.09        
  7     251   57667   26827 x 52688       7.24%        1 new     250 zero         2.39 | 10.20        
  7     252   57415   27697 x 53580       7.07%       33 new     220 zero         2.51 | 9.92         
  7     250   57564   27328 x 53149       7.21%        1 new     249 zero         2.46 | 10.20        
  7     250   57328   28898 x 54716       6.81%        1 new     249 zero         2.47 | 10.58        
  7     252   57093   31391 x 57217       6.10%       15 new     237 zero         2.53 | 10.30        
  6      11   56935   22072 x 48030       9.10%       11 new       0 zero         1.28 | 1.54         
  7     250   57025   32118 x 58098       5.83%       23 new     229 zero         2.54 | 10.85        
  7     251   57040   33293 x 59462       5.57%       23 new     231 zero         2.71 | 11.33        
  7     250   57101   34789 x 61125       5.20%       16 new     235 zero         2.65 | 10.83        
  7     250   57058   33749 x 59831       5.44%        2 new     248 zero         2.55 | 10.66        
  7     250   56831   35186 x 61365       5.15%        1 new     250 zero         2.76 | 11.15        
  7     250   56594   36404 x 62629       4.98%        0 new     253 zero         2.79 | 11.82        
  7     250   56344   37835 x 64150       4.76%        5 new     246 zero         2.85 | 11.95        
  7     250   56161   37966 x 64244       4.75%        2 new     251 zero         2.91 | 12.36        
  7     250   55926   38857 x 65169       4.57%        4 new     249 zero         3.07 | 12.91        
  7     250   55725   39356 x 65771       4.51%        7 new     243 zero         3.03 | 13.14        
  7     250   55564   41593 x 68269       4.19%       27 new     223 zero         3.09 | 12.75        
  6      10   55583   20253 x 45850       9.72%       10 new       0 zero         1.24 | 1.53         
  7     250   55747   41955 x 68477       4.16%       10 new     253 zero         3.06 | 12.99        
  7     250   55633   42439 x 69058       4.07%       10 new     249 zero         3.23 | 13.99        
  7     252   55469   42342 x 68909       4.12%        1 new     266 zero         3.30 | 14.73        
  7     250   55231   43526 x 70135       3.94%        3 new     267 zero         3.25 | 14.52        
  7     250   55017   44722 x 71480       3.78%       11 new     239 zero         3.26 | 13.90        
  7     250   54901   45327 x 72231       3.73%       17 new     233 zero         3.27 | 14.03        
  7     250   54860   44195 x 70824       3.89%        1 new     254 zero         3.31 | 14.47        
  7     250   54618   45719 x 72410       3.71%        1 new     279 zero         3.45 | 15.07        
  7     251   54382   45856 x 72527       3.72%        1 new     256 zero         3.39 | 14.54        
  7     250   54144   47638 x 74474       3.50%        3 new     260 zero         3.37 | 14.49        
  7     250   53928   48164 x 75250       3.47%       19 new     231 zero         3.33 | 14.28        
  7     250   53911   49888 x 76904       3.27%        8 new     242 zero         3.08 | 13.77        
  7     250   53759   51468 x 78692       3.14%       10 new     240 zero         3.13 | 14.24        
  7     251   53643   54806 x 83519       2.82%       82 new     169 zero         3.46 | 12.78        
  5      13   55611    1390 x 11533      14.26%       13 new       0 zero         0.08 | 0.09         
  5      76   54341    1709 x 11960      15.26%       28 new      48 zero         0.12 | 0.15         
  6     250   53915   19518 x 44506      10.00%      129 new     121 zero         1.74 | 4.33         
  6     250   53914   14647 x 36992       7.10%       97 new     153 zero         0.86 | 1.93         
  6     251   53271   14949 x 37737       8.25%       64 new     187 zero         1.00 | 2.96         
  6     251   53722   18315 x 42230      10.12%       81 new     175 zero         1.81 | 6.87         
  6     250   54548   18555 x 42395      10.23%       65 new     185 zero         1.97 | 8.04         
  6     250   55172   20339 x 44533       9.84%       18 new     232 zero         2.03 | 9.04         
  6     250   55138   22850 x 47774       8.93%       61 new     190 zero         2.46 | 10.67        
  6      33   55625   22823 x 47925       8.89%       14 new      19 zero         1.47 | 2.49         
  6      10   56070   20432 x 45290       9.68%        0 new      10 zero         1.18 | 1.23         
  7     250   56060   36493 x 61814       5.06%       79 new     171 zero         2.77 | 11.37        
  7     250   56636   42197 x 67775       4.18%       11 new     239 zero         3.15 | 13.97        
  7     250   56495   52655 x 78941       3.07%       33 new     217 zero         3.42 | 14.67        
  7     250   56651   52662 x 81791       3.01%      122 new     128 zero         3.65 | 15.29        
  7     250   58409   53031 x 82708       3.04%      142 new     108 zero         3.84 | 15.95        
  7     251   60283   54017 x 84022       3.04%      130 new     121 zero         3.80 | 16.26        
  6      15   61438   22993 x 47816       9.14%       14 new       1 zero         1.47 | 1.90         
  6      25   61473   23026 x 47860       9.14%       21 new       4 zero         1.49 | 2.22         
  6      19   61615   23192 x 48014       9.07%       14 new       5 zero         1.45 | 2.12         
  6      10   61725   23086 x 47893       9.13%        6 new       4 zero         1.41 | 1.79         
  7     250   61782   54654 x 84609       3.09%       95 new     155 zero         3.90 | 16.39        
  7     250   62503   56735 x 86860       2.97%      127 new     123 zero         4.21 | 17.54        
  7     250   63779   57132 x 87153       3.01%      134 new     116 zero         4.26 | 18.14        
  6      43   64932   23256 x 47908       9.20%       43 new       0 zero         1.64 | 2.68         
  6      90   65002   23519 x 48092       9.18%       83 new       7 zero         1.87 | 3.79         
  6      90   64980   23230 x 47693       9.36%       78 new      12 zero         1.87 | 3.81         
  7     250   65862   39216 x 63925       4.94%      112 new     138 zero         3.16 | 12.76        
  6      90   66898   12364 x 30646       6.06%       84 new       6 zero         0.61 | 1.17         
  6     250   66313   14946 x 36159       8.05%      204 new      46 zero         1.40 | 3.44         
  6     250   66755   17358 x 39332       8.48%      165 new      86 zero         1.61 | 4.48         
  6     250   66611   17790 x 39625       8.60%      188 new      62 zero         1.64 | 4.11         
  6     250   67036   15863 x 36155       7.80%      186 new      65 zero         1.32 | 2.73         
  5      18   66522    1400 x 5616        7.42%       10 new       9 zero         0.06 | 0.06         
  5      19   66388    1391 x 5586        7.77%        8 new      11 zero         0.05 | 0.05         
  5      22   66305    1383 x 5558        8.02%        8 new      14 zero         0.05 | 0.06         
  6     250   66303    7092 x 18033       9.02%      101 new     149 zero         0.51 | 0.98         
  6     250   64536    9802 x 20934       6.89%      104 new     147 zero         0.62 | 1.49         
  6     250   63359   11447 x 22678       6.13%      103 new     147 zero         0.66 | 1.80         
  6     250   62587   11954 x 23143       6.15%       38 new     213 zero         0.49 | 1.72         
  6     251   62204   12545 x 23771       5.85%       37 new     217 zero         0.48 | 1.76         
  6     250   61294   13902 x 30219       6.13%      101 new     149 zero         0.88 | 2.64         
  6     250   61559   15939 x 33905       7.07%      114 new     136 zero         1.16 | 3.56         
  6     250   62107   17144 x 36310       8.08%      191 new      59 zero         1.76 | 5.68         
  6     250   63292   18655 x 37956       8.20%      170 new      80 zero         1.86 | 6.24         
  6     250   64670   20274 x 40501       9.16%      156 new      94 zero         2.20 | 8.01         
  6     250   65766   21201 x 41524       9.46%      197 new      53 zero         2.57 | 9.14         
  6     250   67181   22000 x 42189       9.42%      169 new      81 zero         2.65 | 9.49         
  6     250   68629   22728 x 42863       9.90%      213 new      37 zero         2.93 | 10.63        
  6     250   70221   23206 x 43124      10.19%      200 new      50 zero         2.97 | 10.32        
  6     251   71252   23481 x 43228      10.30%      188 new      63 zero         2.92 | 9.83         
  6     250   72774   23951 x 43489      10.41%      177 new      73 zero         3.09 | 11.45        
  6     250   74343   24519 x 43939      10.34%      188 new      62 zero         3.36 | 13.18        
  6     251   76193   25204 x 44487      10.37%      177 new      74 zero         3.37 | 13.33        
  6     250   77324   25498 x 44599      10.43%      204 new      46 zero         3.37 | 11.99        
  6     250   78913   25768 x 44658      10.53%      159 new      91 zero         3.34 | 12.76        
  6     252   80635   26123 x 44887      10.57%      105 new     149 zero         3.43 | 14.82        
  6     251   81649   26318 x 44957      10.64%       64 new     187 zero         3.37 | 15.07        
  6     251   82032   26674 x 45296      10.59%       54 new     200 zero         3.42 | 15.48        
  6     251   82432   27027 x 45641      10.52%       42 new     209 zero         3.25 | 14.68        
  6     250   82705   27064 x 45636      10.64%       13 new     237 zero         3.22 | 14.91        
  6     250   82628   27298 x 45857      10.58%        2 new     248 zero         3.19 | 15.04        
  6     250   82405   27379 x 45893      10.56%        2 new     248 zero         3.28 | 15.08        
  6     250   82173   27607 x 46153      10.51%       10 new     240 zero         3.31 | 15.34        
  6     250   82057   27816 x 46374      10.46%       11 new     239 zero         3.32 | 15.32        
  6     250   81962   28102 x 46677      10.40%       25 new     225 zero         3.59 | 15.92        
  6     250   82038   28451 x 47015      10.33%       17 new     233 zero         3.33 | 15.82        
  6     250   81995   28709 x 47265      10.27%       35 new     215 zero         3.66 | 16.57        
  6     250   82189   29114 x 47701      10.19%       22 new     230 zero         3.62 | 16.51        
  6     250   82241   29363 x 47931      10.14%       47 new     203 zero         3.75 | 16.44        
  6     251   82578   29462 x 47963      10.14%        3 new     248 zero         3.65 | 17.00        
  6     250   82365   29829 x 48354      10.06%       17 new     233 zero         3.65 | 17.08        
  6     250   82301   30138 x 48651       9.98%        1 new     252 zero         3.77 | 17.84        
  6     251   82058   30273 x 48836       9.95%        9 new     242 zero         3.77 | 17.64        
  6     251   81903   30453 x 48963       9.90%        1 new     250 zero         3.80 | 17.73        
  6     251   81661   30833 x 49408       9.79%        7 new     247 zero         3.89 | 18.54        
  6     241   81489   31381 x 50003       9.58%        6 new     237 zero         3.86 | 17.90        
  7     250   81313   31832 x 50360       9.33%        0 new     250 zero         2.87 | 9.47         
  7     250   81063   37110 x 55667       7.56%        0 new     257 zero         3.91 | 17.99        
  7     250   80813   38591 x 57153       7.15%        0 new     250 zero         4.08 | 19.40        
  7     250   80563   39725 x 58355       6.84%        6 new     245 zero         4.27 | 18.78        
  7     250   80401   41908 x 60562       6.29%        2 new     250 zero         4.18 | 19.44        
  7     250   80181   42791 x 61509       6.10%        5 new     249 zero         4.22 | 19.73        
  7     250   80006   44448 x 63213       5.76%        1 new     255 zero         4.32 | 20.46        
  7     250   79771   46827 x 65657       5.33%        7 new     246 zero         4.17 | 20.35        
  7     250   79604   46099 x 64901       5.49%        1 new     249 zero         4.38 | 20.32        
  7     250   79368   46690 x 65481       5.39%        0 new     250 zero         4.36 | 20.28        
  7     250   79118   47820 x 66621       5.19%        0 new     250 zero         4.41 | 20.38        
  7     253   78868   48899 x 67720       5.03%        2 new     252 zero         4.43 | 20.85        
  7     250   78645   49804 x 68658       4.89%        1 new     254 zero         4.32 | 20.80        
  7     250   78410   51063 x 69991       4.71%       10 new     242 zero         4.62 | 21.13        
  7     250   78309   52299 x 71288       4.55%       12 new     238 zero         4.30 | 20.95        
  7     250   78224   50651 x 69554       4.80%        0 new     250 zero         4.57 | 21.08        
  7     250   77974   51141 x 70040       4.72%        0 new     250 zero         4.79 | 21.27        
  7     250   77724   52258 x 71171       4.56%        1 new     249 zero         4.84 | 21.55        
  7     251   77489   55551 x 74625       4.16%       10 new     244 zero         4.91 | 21.99        
  7     251   77376   55852 x 74897       4.13%        0 new     251 zero         4.85 | 21.73        
  7     250   77125   60883 x 80093       3.61%       10 new     241 zero         4.89 | 22.39        
  7     250   77013   64021 x 84124       3.35%       75 new     175 zero         5.37 | 22.29        
  7     251   77635   64318 x 86017       3.34%      141 new     112 zero         5.69 | 24.25        
  7     250   79204   65274 x 87331       3.30%      129 new     121 zero         5.50 | 23.66        
  7     250   80646   65699 x 88258       3.31%       89 new     161 zero         5.40 | 23.89        
  7     251   81558   66246 x 88970       3.34%      168 new      85 zero         6.01 | 25.77        
  7     250   83528   67026 x 89705       3.37%      174 new      78 zero         5.89 | 25.59        
  7     251   85526   67761 x 90288       3.39%      152 new     104 zero         6.29 | 26.69        
  7     250   87166   68297 x 90685       3.40%      127 new     125 zero         6.15 | 26.58        
  7     250   88597   68867 x 91140       3.39%       85 new     165 zero         5.89 | 25.64        
  7     250   89480   69019 x 91217       3.41%       20 new     230 zero         5.86 | 26.12        
  7     250   89477   69492 x 91706       3.39%       50 new     202 zero         6.18 | 27.02        
  7     253   89860   69874 x 92409       3.41%       64 new     190 zero         5.98 | 26.98        
  7     250   90483   70129 x 92865       3.46%       84 new     166 zero         6.47 | 27.59        
  7     250   91392   70621 x 93310       3.46%       81 new     169 zero         6.48 | 27.81        
  7     250   92295   71076 x 93783       3.48%       59 new     192 zero         6.39 | 28.28        
  7     252   92742   71426 x 94118       3.53%       73 new     179 zero         6.52 | 28.73        
  7     251   93377   71746 x 94418       3.57%       78 new     173 zero         6.69 | 29.14        
  7     250   93908   71969 x 94587       3.58%       74 new     176 zero         6.63 | 28.95        
  7     251   94551   72326 x 94907       3.59%       68 new     183 zero         6.88 | 29.72        
  7     251   95115   72697 x 95289       3.64%       71 new     180 zero         7.08 | 31.21        
  7     251   95754   72907 x 95466       3.67%       57 new     194 zero         6.98 | 31.40        
  7     251   96215   73265 x 95818       3.66%       64 new     187 zero         7.00 | 31.88        
  7     251   96778   73769 x 96281       3.67%       35 new     216 zero         7.11 | 32.21        
  7     250   96974   73779 x 96274       3.70%       46 new     207 zero         7.11 | 32.38        
  7     251   97276   74376 x 96848       3.68%       32 new     219 zero         7.11 | 32.67        
  7     250   97429   74646 x 97084       3.68%       33 new     219 zero         7.23 | 33.27        
  7     251   97608   74944 x 97384       3.68%       47 new     207 zero         7.41 | 33.65        
  7     251   98013   75119 x 97497       3.69%       26 new     230 zero         7.61 | 34.86        
  7     251   98116   75331 x 97711       3.69%       10 new     245 zero         7.68 | 34.72        
  7     250   97993   75644 x 98051       3.68%       30 new     222 zero         7.37 | 33.59        
  7     250   98161   76175 x 98647       3.75%       42 new     209 zero         7.42 | 33.96        
  7     251   98459   76634 x 99113       3.78%       57 new     194 zero         7.85 | 35.28        
  7     250   98988   77087 x 99529       3.81%       43 new     210 zero         7.92 | 35.39        
  7     250   99297   77235 x 99643       3.84%       52 new     199 zero         8.04 | 36.09        
  7     252   99712   77703 x 100111      3.86%       49 new     204 zero         8.06 | 37.24        
  7     251  100096   78204 x 100612      3.86%       53 new     198 zero         8.21 | 37.27        
  7     250  100501   78528 x 100897      3.88%       63 new     190 zero         8.40 | 38.29        
  7     250  101030   78930 x 101260      3.88%       47 new     205 zero         8.46 | 38.44        
  7     250  101397   79259 x 101559      3.89%       55 new     202 zero         8.76 | 39.53        
  7     250  101902   79505 x 101761      3.89%       17 new     239 zero         8.83 | 40.29        
  7     250  101881   79712 x 101967      3.89%       18 new     236 zero         8.61 | 39.78        
  7     250  101879   80171 x 102429      3.90%       35 new     218 zero         8.87 | 39.66        
  7     251  102067   80395 x 102605      3.93%       41 new     212 zero         8.78 | 39.61        
  7     250  102264   81143 x 103346      3.92%      107 new     144 zero         9.10 | 40.54        
  7     250  103384   81400 x 103496      3.94%       65 new     187 zero         9.45 | 42.13        
  7     251  103991   81603 x 103631      3.95%       20 new     235 zero         9.19 | 42.02        
  7     250  104006   81753 x 103765      3.95%       20 new     231 zero         9.13 | 41.91        
  7     250  104000   82030 x 104024      3.95%       45 new     205 zero         9.14 | 41.33        
  7     250  104358   82142 x 104091      3.96%        8 new     242 zero         8.96 | 41.58        
  7     253  104216   82574 x 104526      3.95%       42 new     213 zero         9.66 | 43.87        
  7     250  104419   82930 x 104845      3.95%       58 new     201 zero         9.50 | 43.23        
  7     250  104880   83489 x 105377      3.95%       56 new     201 zero         9.78 | 43.43        
  7     250  105367   83606 x 105406      3.96%        8 new     263 zero         9.77 | 45.61        
  7     250  105228   84069 x 105888      3.95%       17 new     250 zero        10.06 | 46.61        
  7     253  105207   84541 x 106340      3.94%       25 new     242 zero        10.19 | 46.98        
  7     250  105292   84971 x 106771      3.93%       24 new     234 zero         9.76 | 45.56        
  7     250  105368   85377 x 107178      3.92%       19 new     243 zero        10.73 | 46.20        
  7     251  105386   85795 x 107561      3.91%       41 new     226 zero        10.55 | 47.76        
  7     252  105639   86555 x 108288      3.88%       17 new     244 zero        10.12 | 46.79        
  7     251  105588   87248 x 109001      3.85%       21 new     234 zero        10.04 | 46.29        
  7     251  105629   88209 x 109975      3.81%       55 new     199 zero        10.03 | 46.39        
  7     250  106073   88586 x 110396      3.82%       92 new     158 zero        10.09 | 45.41        
  7     250  106865   89117 x 110881      3.82%      100 new     150 zero        10.11 | 44.90        
  7     250  107786   89377 x 111087      3.83%       72 new     178 zero        10.10 | 44.94        
  7     250  108427   89613 x 111295      3.85%      115 new     135 zero        10.44 | 47.75        
  7     251  109623   89999 x 111602      3.87%       52 new     199 zero        10.35 | 47.57        
  7     250  110042   90192 x 111767      3.88%       48 new     202 zero        10.09 | 48.21        
  7     251  110394   90458 x 111992      3.88%       54 new     197 zero        10.54 | 49.40        
  7     250  110873   90827 x 112319      3.87%       36 new     214 zero        10.84 | 49.51        
  7     253  111108   90730 x 112208      3.90%      148 new     105 zero        11.03 | 50.70        
  7     251  112869   91103 x 112437      3.92%      100 new     151 zero        10.87 | 50.22        
  7     251  113938   91298 x 112539      3.94%      119 new     132 zero        10.40 | 50.42        
  7     252  115246   91567 x 112709      3.95%       52 new     200 zero        10.20 | 49.37        
  7     250  115713   91739 x 112839      3.96%       99 new     151 zero        10.56 | 51.36        
  7     252  116838   92003 x 113028      3.97%       55 new     197 zero        10.53 | 51.35        
  7     250  117348   92139 x 113113      3.98%       60 new     190 zero        10.48 | 51.57        
  7     250  117938   92296 x 113220      3.99%       42 new     208 zero        10.50 | 51.32        
  7     250  118276   92527 x 113414      3.99%       27 new     225 zero        10.64 | 51.91        
  7     251  118392   92731 x 113599      3.99%       27 new     224 zero        10.15 | 51.16        
  7     251  118508   92704 x 113545      4.01%      127 new     124 zero        11.25 | 53.17        
  7     250  120007   92931 x 113647      4.02%       85 new     165 zero        11.04 | 53.42        
  7     250  120949   93211 x 113850      4.03%       53 new     197 zero        10.92 | 53.34        
  7     251  121422   93244 x 113828      4.05%       83 new     168 zero        11.08 | 54.05        
  7     251  122332   93526 x 114036      4.05%       58 new     193 zero        11.16 | 54.17        
  7     254  122877   93551 x 113999      4.07%       59 new     195 zero        11.16 | 55.10        
  7     253  123431   93755 x 114165      4.07%       33 new     220 zero        11.07 | 54.69        
  7     251  123639   93938 x 114328      4.08%       37 new     218 zero        11.25 | 55.19        
  7     252  123916   94173 x 114551      4.07%       39 new     213 zero        11.22 | 54.72        
  7     252  124215   94141 x 114476      4.09%       28 new     224 zero        11.11 | 54.92        
  7     251  124348   94256 x 114564      4.09%       82 new     169 zero        11.52 | 55.69        
  7     250  125249   94483 x 114712      4.10%       47 new     203 zero        11.49 | 55.17        
  7     252  125657   94584 x 114762      4.10%       67 new     185 zero        11.60 | 56.19        
  7     251  126351   94844 x 114961      4.10%       46 new     205 zero        11.47 | 55.84        
  7     252  126741   94987 x 115069      4.11%       31 new     222 zero        11.62 | 56.30        
  7     250  126923   95190 x 115262      4.11%       32 new     220 zero        11.35 | 55.13        
  7     251  127119   95148 x 115182      4.11%       12 new     239 zero        11.19 | 55.59        
  7     250  127036   95389 x 115419      4.11%       29 new     221 zero        11.59 | 56.24        
  7     251  127194   95420 x 115416      4.11%       43 new     208 zero        11.70 | 56.59        
  7     251  127549   95663 x 115620      4.11%       30 new     221 zero        11.67 | 56.88        
  7     250  127723   95856 x 115796      4.11%       18 new     235 zero        11.78 | 57.29        
  7     252  127724   95865 x 115787      4.12%       30 new     222 zero        11.57 | 57.28        
  7     250  127897   96044 x 115941      4.11%        3 new     247 zero        11.72 | 56.86        
  7     250  127686   96249 x 116147      4.11%       16 new     242 zero        11.90 | 59.12        
  7     251  127660   96340 x 116237      4.11%       15 new     237 zero        11.89 | 57.68        
  7     250  127621   96562 x 116450      4.11%       33 new     218 zero        11.70 | 55.77        
  7     252  127797   96557 x 116415      4.12%       88 new     164 zero        12.07 | 58.40        
  7     252  128787   96718 x 116488      4.14%       56 new     196 zero        11.87 | 58.54        
  7     252  129308   96865 x 116578      4.14%        9 new     243 zero        11.37 | 57.98        
  7     252  129182   96966 x 116670      4.15%        7 new     245 zero        11.93 | 59.01        
  7     253  129025   97004 x 116700      4.15%        2 new     251 zero        11.66 | 59.42        
  7     250  128797   97070 x 116766      4.15%        2 new     249 zero        11.73 | 59.15        
  7     251  128576   97146 x 116839      4.16%        1 new     251 zero        11.82 | 59.61        
  7     250  128340   97240 x 116934      4.16%        2 new     248 zero        11.67 | 58.76        
  7     251  128119   97246 x 116937      4.16%        0 new     251 zero        11.84 | 59.77        
  7     251  127868   97311 x 117001      4.17%        0 new     252 zero        11.83 | 59.75        
  7     251  127617   97455 x 117147      4.17%        9 new     242 zero        11.95 | 59.66        
  7     252  127495   97524 x 117206      4.17%        0 new     252 zero        11.96 | 59.76        
  7     251  127243   97639 x 117320      4.17%       10 new     243 zero        11.97 | 60.19        
  7     252  127135   97794 x 117465      4.17%        1 new     252 zero        12.11 | 60.15        
  7     253  126897   97943 x 117612      4.17%        2 new     253 zero        12.20 | 60.98        
  7     253  126673   98075 x 117742      4.17%       12 new     243 zero        12.12 | 60.10        
  7     250  126603   97911 x 117571      4.18%        3 new     247 zero        12.03 | 59.35        
  7     250  126397   98030 x 117687      4.18%        0 new     250 zero        11.97 | 60.16        
  7     253  126147   98093 x 117746      4.19%        0 new     254 zero        12.10 | 61.20        
  7     250  125894   98217 x 117872      4.19%        0 new     252 zero        12.20 | 61.29        
  7     253  125644   98295 x 117949      4.19%        0 new     253 zero        12.17 | 61.23        
  7     253  125391   98260 x 117914      4.19%        0 new     253 zero        12.17 | 61.17        
  7     251  125138   98396 x 118052      4.20%        0 new     251 zero        12.19 | 61.31        
  7     250  124887   98515 x 118172      4.19%        0 new     250 zero        12.14 | 60.76        
  7     253  124637   98551 x 118205      4.20%        0 new     253 zero        12.24 | 62.16        
  7     251  124384   98620 x 118274      4.20%        7 new     247 zero        12.36 | 62.29        
  7     250  124236   98786 x 118442      4.20%        2 new     248 zero        12.25 | 60.90        
  7     252  124017   98905 x 118560      4.20%        4 new     251 zero        12.50 | 62.79        
  7     250  123822   99052 x 118727      4.20%        9 new     241 zero        12.66 | 62.38        
  7     252  123704   99060 x 118721      4.20%        0 new     252 zero        12.44 | 61.63        
  7     251  123452   99066 x 118724      4.20%        0 new     251 zero        12.53 | 62.42        
  7     251  123201   99235 x 118897      4.20%        3 new     248 zero        12.60 | 62.77        
  7     253  122994   99192 x 118849      4.20%        0 new     253 zero        12.64 | 63.23        
  7     252  122741   99324 x 118982      4.20%        0 new     252 zero        12.42 | 63.05        
  7     253  122489   99427 x 119084      4.20%        2 new     252 zero        12.73 | 63.36        
  7     252  122264   99495 x 119154      4.21%        2 new     250 zero        12.66 | 62.91        
  7     251  122041   99637 x 119298      4.20%        6 new     246 zero        12.90 | 63.53        
  7     252  121876   99784 x 119454      4.20%       17 new     236 zero        12.98 | 63.33        
  7     250  121870   99838 x 119484      4.20%        0 new     250 zero        12.77 | 62.86        
  7     250  121620   99962 x 119616      4.20%        1 new     249 zero        12.66 | 62.27        
  7     252  121385   99902 x 119546      4.20%        0 new     252 zero        12.90 | 63.41        
  7     253  121133  100130 x 119783      4.19%        0 new     253 zero        12.85 | 64.10        
  7     250  120880  100214 x 119871      4.19%        7 new     245 zero        12.83 | 63.80        
  7     252  120728  100377 x 120040      4.19%        8 new     245 zero        13.09 | 63.96        
  7     253  120593  100477 x 120131      4.19%        0 new     254 zero        12.95 | 64.28        
  7     251  120340  100582 x 120239      4.19%        2 new     254 zero        13.00 | 64.62        
  7     250  120119  100620 x 120280      4.20%        8 new     249 zero        13.15 | 65.12        
  7     250  119984  100927 x 120600      4.18%       31 new     221 zero        13.31 | 64.53        
  7     251  120177  100749 x 120390      4.20%        2 new     249 zero        12.92 | 63.75        
  7     251  119948  100660 x 120293      4.21%        0 new     252 zero        12.64 | 63.52        
  7     251  119697  100977 x 120618      4.21%        0 new     251 zero        12.89 | 64.28        
  7     253  119446  101210 x 120849      4.20%        0 new     253 zero        13.12 | 64.73        
  7     250  119193  101225 x 120866      4.21%        0 new     251 zero        12.79 | 63.97        
  7     250  118943  101273 x 120914      4.21%        0 new     251 zero        12.87 | 64.27        
  7     254  118693  101504 x 121137      4.21%        0 new     259 zero        13.39 | 66.62        
  7     251  118439  101617 x 121264      4.21%        7 new     245 zero        13.00 | 64.99        
  7     250  118292  101833 x 121479      4.21%       11 new     239 zero        13.20 | 64.82        
  7     250  118204  101995 x 121637      4.21%       20 new     230 zero        13.58 | 65.26        
  7     251  118240  101966 x 121585      4.21%        0 new     252 zero        13.47 | 66.39        
  7     251  117989  102103 x 121722      4.21%        0 new     252 zero        13.60 | 66.32        
  7     251  117738  102187 x 121799      4.21%        1 new     258 zero        13.69 | 68.47        
  7     250  117501  102282 x 121899      4.21%        7 new     247 zero        13.45 | 67.01        
  7     250  117355  102419 x 122032      4.21%        1 new     250 zero        13.45 | 66.07        
  7     252  117120  102665 x 122275      4.20%       24 new     229 zero        13.44 | 66.77        
  7     251  117210  102658 x 122247      4.21%        3 new     248 zero        13.40 | 66.64        
  7     250  116998  102894 x 122478      4.20%        0 new     252 zero        13.78 | 67.30        
  7     250  116748  103080 x 122667      4.20%        5 new     247 zero        13.89 | 67.99        
  7     250  116571  103261 x 122852      4.20%       17 new     239 zero        13.95 | 68.51        
  7     250  116564  103462 x 123021      4.19%        1 new     269 zero        14.44 | 72.52        
  7     250  116328  103716 x 123297      4.19%       12 new     246 zero        14.23 | 70.02        
  7     250  116251  104091 x 123683      4.17%       27 new     231 zero        13.96 | 68.99        
  7     250  116380  104124 x 123666      4.18%        2 new     270 zero        14.50 | 73.12        
  7     251  116158  104546 x 124105      4.17%        7 new     254 zero        14.49 | 70.67        
  7     250  115994  104550 x 124067      4.16%        0 new     291 zero        15.00 | 77.87        
  7     253  115744  104638 x 124193      4.16%        0 new     253 zero        14.11 | 69.07        
  7     251  115491  105003 x 124557      4.16%        0 new     254 zero        14.18 | 69.72        
  7     251  115240  105264 x 124815      4.15%        1 new     259 zero        14.26 | 71.06        
  7     251  115003  105703 x 125274      4.13%       18 new     237 zero        14.53 | 70.74        
  7     250  115009  106042 x 125596      4.12%        6 new     258 zero        14.43 | 72.36        
  7     250  114835  106357 x 125913      4.11%        1 new     251 zero        14.44 | 70.58        
  7     250  114599  107220 x 126794      4.07%       12 new     241 zero        14.57 | 71.15        
  7     251  114515  108035 x 127605      4.04%       10 new     242 zero        14.66 | 71.16        
  7     251  114400  108610 x 128212      4.02%       36 new     215 zero        14.66 | 69.36        
  7     250  114639  108174 x 127740      4.06%       28 new     222 zero        14.21 | 69.41        
  7     251  114778  108648 x 128185      4.05%       52 new     199 zero        14.73 | 70.70        
  7     253  115271  108835 x 128319      4.05%      105 new     148 zero        14.86 | 71.35        
  7     250  116490  109009 x 128391      4.06%       65 new     185 zero        14.90 | 71.46        
  7     253  117155  109099 x 128412      4.07%       31 new     222 zero        14.64 | 72.43        
  7     251  117336  109445 x 128729      4.06%       14 new     237 zero        14.75 | 72.10        
  7     252  117281  109274 x 128543      4.08%        0 new     252 zero        14.53 | 71.99        
  7     252  117029  109563 x 128832      4.07%        0 new     252 zero        14.82 | 72.16        
  7     251  116777  109470 x 128740      4.08%        0 new     251 zero        14.81 | 72.84        
  7     250  116526  109749 x 129020      4.07%        0 new     250 zero        14.72 | 72.44        
  7     250  116276  109886 x 129157      4.07%        0 new     250 zero        14.80 | 72.64        
  7     253  116026  110052 x 129320      4.07%        0 new     253 zero        15.09 | 73.45        
  7     251  115773  110046 x 129316      4.07%        0 new     251 zero        14.86 | 72.10        
  7     250  115522  110071 x 129342      4.08%        0 new     250 zero        14.60 | 71.96        
  7     250  115272  110104 x 129375      4.08%        0 new     250 zero        14.63 | 72.31        
  7     251  115022  110205 x 129473      4.09%        0 new     253 zero        14.77 | 73.07        
  7     250  114771  110307 x 129575      4.09%        0 new     253 zero        14.75 | 72.89        
  7     252  114521  110342 x 129611      4.09%        0 new     252 zero        14.78 | 73.86        
  7     253  114269  110402 x 129670      4.09%        0 new     253 zero        14.92 | 73.92        
  7     253  114016  110483 x 129750      4.09%        0 new     254 zero        15.22 | 74.85        
  7     250  113763  110507 x 129777      4.10%        0 new     251 zero        14.86 | 74.03        
  7     252  113513  110599 x 129866      4.10%        0 new     254 zero        15.15 | 75.20        
  7     252  113261  110714 x 129980      4.10%        0 new     255 zero        15.30 | 75.11        
  7     252  113009  110741 x 130008      4.10%        0 new     254 zero        15.24 | 75.17        
  7     250  112757  110982 x 130253      4.10%        0 new     250 zero        14.96 | 74.33        
  7     250  112507  110990 x 130260      4.10%        0 new     251 zero        15.27 | 74.98        
  7     252  112257  110942 x 130211      4.10%        0 new     252 zero        15.21 | 73.91        
  7     251  112005  111041 x 130310      4.10%        0 new     252 zero        15.38 | 75.26        
  7     252  111754  111183 x 130452      4.10%        0 new     252 zero        15.48 | 75.89        
  7     251  111502  111220 x 130489      4.10%        0 new     252 zero        15.37 | 75.93        
  7     254  111251  111297 x 130564      4.10%        0 new     254 zero        15.32 | 75.74        
  7     254  110997  111399 x 130666      4.10%        0 new     254 zero        15.72 | 76.52        
  7     251  110743  111483 x 130759      4.10%        2 new     249 zero        15.49 | 75.83        
  7     251  110520  111675 x 130963      4.10%        3 new     249 zero        15.77 | 77.39        
  7     250  110314  111690 x 130966      4.10%        0 new     250 zero        15.39 | 76.57        
  7     251  110064  111722 x 130996      4.10%        0 new     251 zero        15.77 | 77.96        
  7     253  109813  111812 x 131089      4.10%        1 new     252 zero        15.85 | 79.32        
  7     250  109575  111987 x 131271      4.09%        1 new     249 zero        15.74 | 78.09        
  7     251  109340  112166 x 131453      4.09%       12 new     239 zero        16.16 | 79.81        
  7     250  109266  112297 x 131583      4.09%        2 new     248 zero        15.70 | 78.15        
  7     250  109045  112321 x 131604      4.09%        0 new     250 zero        16.14 | 79.28        
  7     250  108795  112573 x 131858      4.08%        8 new     246 zero        16.15 | 80.05        
  7     251  108664  112793 x 132073      4.08%        7 new     246 zero        16.11 | 80.21        
  7     251  108515  113052 x 132337      4.07%       25 new     227 zero        16.01 | 78.70        
  7     251  108614  112240 x 131490      4.10%        0 new     251 zero        15.76 | 79.05        
  7     253  108363  112508 x 131762      4.10%        0 new     253 zero        15.76 | 79.18        
  7     251  108110  112705 x 131966      4.10%        0 new     251 zero        16.15 | 79.70        
  7     253  107859  112978 x 132237      4.10%        0 new     253 zero        16.23 | 80.90        
  7     250  107606  112870 x 132132      4.11%        0 new     250 zero        15.94 | 80.03        
  7     251  107356  112978 x 132238      4.11%        0 new     252 zero        15.98 | 80.42        
  7     253  107105  113089 x 132348      4.11%        0 new     253 zero        16.36 | 81.43        
  7     250  106852  113145 x 132407      4.11%        0 new     250 zero        16.02 | 80.88        
  7     251  106602  113445 x 132706      4.11%        0 new     251 zero        16.62 | 81.77        
  7     253  106351  113342 x 132600      4.11%        3 new     251 zero        16.44 | 82.46        
  7     251  106142  113450 x 132708      4.12%        3 new     248 zero        16.58 | 82.34        
  7     251  105936  113843 x 133098      4.11%        4 new     247 zero        16.48 | 80.63        
  7     252  105744  113498 x 132748      4.12%        0 new     252 zero        16.40 | 82.26        
  7     250  105492  113618 x 132870      4.12%        0 new     250 zero        16.40 | 81.81        
  7     250  105242  114013 x 133258      4.12%        0 new     257 zero        16.91 | 83.54        
  7     251  104992  113747 x 132995      4.12%        0 new     254 zero        16.53 | 83.63        
  7     251  104741  114167 x 133414      4.11%        1 new     254 zero        16.60 | 83.46        
  7     251  104505  114332 x 133580      4.11%        1 new     252 zero        16.41 | 83.35        
  7     254  104268  114578 x 133822      4.10%       22 new     234 zero        16.57 | 84.59        
  7     253  104329  114465 x 133690      4.11%        0 new     253 zero        16.11 | 82.77        
  7     253  104076  114644 x 133868      4.11%        0 new     254 zero        17.02 | 84.34        
  7     252  103823  114742 x 133967      4.11%        0 new     253 zero        16.76 | 84.33        
  7     252  103571  114960 x 134192      4.11%        5 new     248 zero        16.92 | 84.88        
  7     253  103393  115152 x 134378      4.11%        1 new     252 zero        16.67 | 84.15        
  7     251  103154  115331 x 134556      4.10%        7 new     250 zero        17.25 | 87.09        
  7     250  103003  115716 x 134939      4.09%        3 new     254 zero        16.91 | 85.80        
  7     250  102798  116028 x 135257      4.08%       24 new     228 zero        17.09 | 84.31        
  7     253  102888  115865 x 135031      4.09%        0 new     290 zero        18.22 | 96.67        
  7     252  102635  116041 x 135213      4.09%        3 new     281 zero        18.18 | 96.18        
  7     253  102424  116654 x 135846      4.07%        9 new     253 zero        17.22 | 88.60        
  7     253  102298  116454 x 135621      4.07%        0 new     277 zero        18.05 | 93.91        
  7     251  102045  116691 x 135884      4.06%        0 new     251 zero        17.68 | 86.06        
  7     251  101794  117172 x 136359      4.06%        0 new     257 zero        17.44 | 87.14        
  7     250  101543  117351 x 136547      4.05%        5 new     248 zero        17.54 | 87.18        
  7     251  101365  117812 x 137009      4.04%       18 new     239 zero        17.35 | 87.11        
  7     250  101368  117907 x 137085      4.04%        1 new     259 zero        17.38 | 88.67        
  7     250  101132  118475 x 137654      4.02%        5 new     253 zero        17.99 | 89.37        
  7     250  100954  119621 x 138812      3.98%       18 new     233 zero        17.95 | 87.50        
  7     250  100961  120529 x 139710      3.94%       13 new     243 zero        18.14 | 89.70        
  7     251  100891  118978 x 138155      4.01%       14 new     237 zero        17.58 | 83.94        
  7     250  100834  117902 x 137065      4.04%        0 new     250 zero        17.00 | 84.58        
  7     251  100584  118072 x 137234      4.05%        0 new     251 zero        17.45 | 86.36        
  7     251  100333  118323 x 137485      4.05%        0 new     251 zero        17.30 | 85.74        
  7     250  100082  118289 x 137452      4.06%        0 new     250 zero        17.29 | 86.44        
  7     252   99832  118347 x 137508      4.06%        0 new     252 zero        17.57 | 87.52        
  7     250   99580  118317 x 137480      4.06%        0 new     250 zero        18.37 | 86.08        
  7     251   99330  119535 x 138697      4.03%        0 new     251 zero        17.82 | 87.79        
  7     252   99079  120224 x 139385      4.01%        0 new     252 zero        18.11 | 88.29        
  7     250   98827  121391 x 140553      3.97%        1 new     251 zero        18.11 | 87.78        
  7     250   98591  120726 x 139889      3.99%        0 new     250 zero        17.80 | 86.91        
  7     250   98341  120804 x 139962      3.99%        0 new     255 zero        18.31 | 89.18        
  7     253   98091  121009 x 140166      3.99%        0 new     256 zero        18.30 | 89.51        
  7     253   97838  120946 x 140103      3.99%        0 new     256 zero        18.38 | 89.30        
  7     251   97585  121295 x 140449      3.99%        0 new     259 zero        18.64 | 90.71        
  7     252   97334  121392 x 140549      3.99%        0 new     256 zero        18.88 | 89.96        
  7     253   97082  121788 x 140940      3.98%        6 new     255 zero        18.74 | 93.28        
  7     250   96917  122268 x 141423      3.96%        0 new     252 zero        18.49 | 89.90        
  7     250   96667  121918 x 141075      3.98%        0 new     250 zero        18.59 | 89.00        
  7     250   96417  121906 x 141063      3.98%        0 new     250 zero        18.59 | 89.04        
  7     250   96167  122756 x 141912      3.95%        5 new     249 zero        18.89 | 91.80        
  7     250   95990  122875 x 142028      3.96%        1 new     251 zero        18.81 | 89.78        
  7     250   95755  123447 x 142594      3.93%        4 new     254 zero        19.35 | 94.04        
  7     250   95564  123344 x 142483      3.94%        1 new     261 zero        19.47 | 96.34        
  7     251   95329  123140 x 142288      3.96%        2 new     250 zero        18.88 | 90.25        
  7     251   95108  123033 x 142180      3.96%        0 new     251 zero        18.80 | 90.93        
  7     251   94857  123294 x 142411      3.95%        0 new     281 zero        20.26 | 100.95       
  7     251   94606  123375 x 142502      3.95%        0 new     271 zero        19.78 | 98.41        
  7     253   94355  123851 x 142978      3.94%        0 new     271 zero        19.76 | 98.98        
  7     250   94102  123660 x 142791      3.94%        0 new     267 zero        19.67 | 97.53        
  7     252   93852  123866 x 143012      3.93%        0 new     252 zero        19.19 | 93.56        
  7     250   93600  124409 x 143556      3.92%        1 new     250 zero        18.89 | 93.07        
  7     250   93364  124851 x 143994      3.91%        0 new     254 zero        19.28 | 94.53        
  7     252   93114  125467 x 144612      3.88%        0 new     252 zero        19.59 | 95.18        
  7     251   92862  125294 x 144439      3.89%        0 new     252 zero        19.47 | 94.32        
  7     251   92611  125354 x 144490      3.90%        0 new     261 zero        19.58 | 97.06        
  7     251   92360  126475 x 145617      3.86%        2 new     253 zero        19.62 | 97.85        
  7     250   92138  127558 x 146707      3.82%        7 new     244 zero        19.55 | 96.78        
  7     251   91987  128111 x 147257      3.80%       21 new     238 zero        20.05 | 99.17        
  7     251   92028  128741 x 147876      3.79%        1 new     250 zero        19.76 | 96.67        
  7     250   91790  129093 x 148226      3.77%        0 new     251 zero        20.22 | 98.04        
  7     250   91540  129032 x 148159      3.77%        0 new     257 zero        20.68 | 100.97       
  7     251   91290  129933 x 149064      3.75%        0 new     253 zero        20.18 | 98.80        
  7     251   91039  131097 x 150228      3.71%        1 new     252 zero        20.45 | 100.67       
  7     250   90803  131736 x 150866      3.69%        0 new     253 zero        20.44 | 100.24       
  7     250   90553  132747 x 151880      3.66%        5 new     250 zero        21.62 | 101.38       
  7     250   90374  134660 x 153793      3.59%        5 new     246 zero        21.73 | 99.90        
  7     250   90192  135842 x 154968      3.55%        1 new     253 zero        22.40 | 103.11       
  7     251   89956  137294 x 156419      3.50%        2 new     254 zero        22.30 | 103.66       
  7     250   89731  139095 x 158224      3.43%        9 new     242 zero        21.47 | 95.23        
  7      23   89606  133097 x 152445      3.63%        0 new      23 zero        11.77 | 17.90        
  8     250   89583   62878 x 80970       3.77%        0 new     250 zero         5.05 | 22.10        
  8     250   89333  139422 x 158543      3.39%        4 new     246 zero        18.21 | 65.01        
  8     250   89139  139614 x 158731      3.39%        2 new     248 zero        20.68 | 85.40        
  8     250   88916  143660 x 162775      3.24%        0 new     250 zero        21.47 | 90.22        
  8     250   88666  145055 x 164170      3.18%        0 new     250 zero        20.92 | 96.86        
  8     250   88416  145554 x 164669      3.16%        0 new     250 zero        20.20 | 96.02        
  8     250   88166  146371 x 165486      3.13%        1 new     249 zero        19.97 | 94.54        
  8     250   87930  147139 x 166253      3.10%        2 new     248 zero        20.97 | 99.83        
  8     250   87699  147984 x 167096      3.07%        0 new     250 zero        21.56 | 105.95       
  8     250   87449  148133 x 167245      3.07%        0 new     250 zero        21.00 | 105.62       
  8     250   87199  148450 x 167562      3.06%        0 new     250 zero        21.03 | 106.18       
  8     250   86949  149055 x 168167      3.04%        1 new     249 zero        26.04 | 107.38       
  8     250   86713  149655 x 168764      3.02%        3 new     249 zero        22.77 | 107.13       
  8     250   86505  150513 x 169621      2.99%        3 new     247 zero        22.26 | 106.78       
  8     250   86300  152197 x 171298      2.94%        7 new     247 zero        23.02 | 109.61       
  8     250   86152  154747 x 173845      2.85%        1 new     249 zero        22.31 | 107.83       
  8     250   85917  153830 x 172927      2.89%        0 new     250 zero        21.55 | 108.18       
  8     250   85667  155072 x 174169      2.85%        0 new     250 zero        22.02 | 109.25       
  8     250   85417  155652 x 174749      2.83%        4 new     246 zero        21.61 | 108.20       
  8     250   85227  157375 x 176468      2.78%        3 new     247 zero        22.04 | 109.00       
  8     250   85020  159366 x 178455      2.71%        2 new     249 zero        22.12 | 109.92       
  8     251   84800  159120 x 178207      2.72%        0 new     251 zero        21.84 | 109.38       
  8     250   84549  165087 x 184184      2.55%        4 new     247 zero        21.45 | 107.69       
  8     250   84356  169111 x 188206      2.44%        5 new     247 zero        21.70 | 108.94       
  8     250   84177  172280 x 191374      2.37%        3 new     248 zero        22.47 | 108.96       
  8     251   83972  175937 x 195024      2.28%        1 new     254 zero        23.26 | 111.11       
  8     252   83736  180202 x 199292      2.19%        1 new     252 zero        22.18 | 109.45       
  8     250   83498  183621 x 202710      2.12%        3 new     250 zero        23.16 | 111.45       
  8     250   83290  181785 x 200873      2.15%        1 new     249 zero        23.02 | 109.05       
  8     250   83054  171348 x 190432      2.39%        0 new     250 zero        22.56 | 109.13       
  8     250   82804  174972 x 194056      2.30%        1 new     249 zero        22.70 | 109.14       
  8     250   82569  181619 x 200704      2.16%        0 new     250 zero        22.50 | 109.45       
  8     252   82319  197874 x 216965      1.87%        0 new     252 zero        23.39 | 112.65       
  8     250   82067  200268 x 219359      1.83%        0 new     253 zero        22.91 | 112.91       
  8     252   81817  204145 x 223235      1.78%        0 new     254 zero        23.48 | 114.96       
  8     250   81565  200881 x 219975      1.82%        0 new     250 zero        23.02 | 112.40       
  8     250   81315  214030 x 233125      1.64%        0 new     251 zero        22.99 | 115.07       
  8     250   81065  222585 x 241679      1.54%        0 new     252 zero        24.05 | 117.66       
  8     250   80815  231389 x 250536      1.44%        0 new     251 zero        24.38 | 114.22       
  8     250   80565  226794 x 246751      1.49%       25 new     225 zero        22.02 | 106.97       
  8     251   80667  234351 x 254283      1.42%        5 new     247 zero        22.74 | 109.05       
  8     250   80486  230175 x 250107      1.47%       85 new     165 zero        22.82 | 112.99       
  8     250   81426  230301 x 250149      1.48%      126 new     124 zero        23.16 | 115.22       
  8     252   82943  230720 x 250441      1.48%      104 new     148 zero        23.33 | 116.88       
  8     252   84144  231056 x 250676      1.48%      101 new     151 zero        23.73 | 116.90       
  8     250   85304  231493 x 251015      1.48%       46 new     205 zero        23.28 | 116.88       
  8     250   85698  235981 x 255457      1.44%        8 new     243 zero        23.22 | 113.97       
  8     252   85560  232058 x 251526      1.49%      121 new     131 zero        24.09 | 118.57       
  8     250   87003  232437 x 251784      1.49%       97 new     155 zero        23.97 | 117.80       
  8     250   88110  232681 x 251936      1.49%       64 new     186 zero        24.63 | 121.80       
  8     250   88755  233020 x 252214      1.50%        8 new     242 zero        24.21 | 119.94       
  8     251   88617  236740 x 255921      1.46%       14 new     241 zero        24.16 | 123.46       
  8     251   88562  238129 x 257299      1.45%      110 new     141 zero        24.65 | 122.15       
  8     250   89861  237847 x 256908      1.45%       19 new     231 zero        24.28 | 122.92       
  8     250   89877  237942 x 256983      1.45%        0 new     251 zero        24.57 | 122.80       
  8     251   89627  238307 x 257348      1.45%        0 new     251 zero        24.21 | 123.21       
  8     252   89376  238087 x 257127      1.45%        0 new     252 zero        24.37 | 124.38       
  8     250   89124  238166 x 257207      1.45%        0 new     251 zero        24.33 | 124.53       
  8     252   88874  238493 x 257533      1.45%        0 new     252 zero        25.02 | 125.77       
  8     252   88622  238597 x 257637      1.45%        0 new     252 zero        24.58 | 125.82       
  8     250   88370  238363 x 257404      1.46%        0 new     251 zero        24.68 | 125.36       
  8     251   88120  238476 x 257517      1.46%        0 new     251 zero        25.71 | 125.27       
  8     250   87869  238587 x 257628      1.46%        0 new     251 zero        26.41 | 124.47       
  8     250   87619  238681 x 257720      1.46%        0 new     253 zero        25.80 | 125.01       
  8     250   87369  239037 x 258079      1.45%        0 new     250 zero        26.77 | 122.66       
  8     250   87119  238773 x 257815      1.45%        0 new     250 zero        25.61 | 126.58       
  8     250   86869  238918 x 257960      1.45%        0 new     250 zero        24.35 | 126.22       
  8     254   86619  239003 x 258041      1.45%        0 new     254 zero        24.70 | 128.99       
  8     251   86365  239089 x 258130      1.45%        0 new     251 zero        24.28 | 127.57       
  8     250   86114  239218 x 258259      1.45%        0 new     251 zero        24.33 | 127.26       
  8     251   85864  239309 x 258345      1.45%        0 new     256 zero        24.62 | 129.21       
  8     250   85613  239466 x 258508      1.45%        0 new     250 zero        24.26 | 126.33       
  8     250   85363  239849 x 258891      1.45%        0 new     250 zero        24.70 | 127.14       
  8     252   85113  239609 x 258649      1.45%        0 new     252 zero        25.50 | 127.54       
  8     251   84861  239682 x 258721      1.45%        0 new     253 zero        25.39 | 128.97       
  8     250   84610  240070 x 259109      1.45%        0 new     253 zero        26.24 | 128.28       
  8     250   84360  240284 x 259326      1.45%        0 new     250 zero        25.66 | 128.12       
  8     251   84110  240383 x 259423      1.45%        0 new     252 zero        25.77 | 129.08       
  8     250   83859  240825 x 259866      1.45%        0 new     251 zero        26.16 | 127.12       
  8     251   83609  242487 x 261528      1.43%        0 new     251 zero        25.12 | 126.62       
  8     252   83358  240830 x 259870      1.45%        0 new     252 zero        24.47 | 129.41       
  8     251   83106  240899 x 259940      1.45%        0 new     251 zero        26.42 | 129.96       
  8     250   82855  241062 x 260104      1.45%        0 new     250 zero        25.56 | 130.35       
  8     251   82605  241370 x 260411      1.45%        0 new     251 zero        24.57 | 128.78       
  8     250   82354  241287 x 260329      1.45%        0 new     250 zero        24.34 | 128.39       
  8     250   82104  241311 x 260353      1.45%        0 new     250 zero        24.62 | 126.92       
  8     252   81854  242895 x 261935      1.43%        0 new     252 zero        24.64 | 129.87       
  8     252   81602  243157 x 262197      1.43%        0 new     252 zero        24.91 | 130.65       
  8     250   81350  243503 x 262544      1.43%        0 new     251 zero        27.94 | 129.36       
  8     250   81100  243461 x 262503      1.43%        0 new     250 zero        25.65 | 128.66       
  8     252   80850  243547 x 262587      1.43%        0 new     252 zero        26.00 | 127.16       
  8     252   80598  243628 x 262668      1.43%        0 new     252 zero        26.45 | 129.40       
  8     253   80346  243721 x 262759      1.43%        0 new     254 zero        25.28 | 131.14       
  8     250   80093  243763 x 262805      1.43%        0 new     250 zero        24.31 | 130.87       
  8     251   79843  243862 x 262903      1.43%        0 new     251 zero        24.49 | 130.59       
  8     250   79592  243978 x 263020      1.43%        0 new     250 zero        24.65 | 130.59       
  8     251   79342  244058 x 263098      1.43%        0 new     252 zero        24.88 | 131.70       
  8     251   79091  244189 x 263230      1.43%        0 new     251 zero        24.70 | 131.55       
  8     250   78840  244411 x 263451      1.43%        0 new     252 zero        24.81 | 130.66       
  8     250   78590  244496 x 263538      1.43%        0 new     250 zero        24.79 | 131.61       
  8     251   78340  244286 x 263327      1.44%        0 new     251 zero        24.86 | 132.28       
  8     251   78089  244366 x 263406      1.44%        0 new     252 zero        24.90 | 132.97       
  8     251   77838  244545 x 263586      1.44%        0 new     251 zero        24.80 | 132.20       
  8     250   77587  244643 x 263685      1.44%        0 new     250 zero        24.70 | 131.34       
  8     253   77337  244704 x 263743      1.44%        0 new     253 zero        24.84 | 132.13       
  8     253   77084  244707 x 263745      1.44%        0 new     254 zero        25.21 | 133.59       
  8     251   76831  244789 x 263830      1.44%        0 new     251 zero        24.81 | 132.65       
  8     255   76580  244837 x 263874      1.44%        0 new     255 zero        25.23 | 134.83       
  8     252   76325  244898 x 263938      1.44%        0 new     252 zero        24.99 | 133.00       
  8     253   76073  245057 x 264096      1.44%        0 new     253 zero        24.84 | 132.77       
  8     255   75820  245019 x 264056      1.44%        0 new     255 zero        25.48 | 135.52       
  8     254   75565  245075 x 264113      1.44%        0 new     254 zero        25.13 | 134.45       
  8     251   75311  245144 x 264185      1.44%        0 new     251 zero        25.40 | 131.93       
  8     254   75060  245248 x 264286      1.44%        0 new     254 zero        25.14 | 133.96       
  8     251   74806  245289 x 264330      1.44%        0 new     251 zero        25.12 | 133.20       
  8     252   74555  245381 x 264420      1.44%        0 new     253 zero        25.12 | 134.23       
  8     250   74303  245481 x 264521      1.44%        0 new     252 zero        25.09 | 134.36       
  8     250   74053  245598 x 264635      1.44%        0 new     255 zero        25.61 | 134.90       
  8     251   73803  245888 x 264928      1.44%        0 new     252 zero        25.39 | 132.69       
  8     252   73552  245799 x 264838      1.44%        0 new     253 zero        24.96 | 134.64       
  8     251   73300  245859 x 264899      1.44%        0 new     252 zero        25.26 | 135.08       
  8     251   73049  245929 x 264970      1.44%        0 new     251 zero        25.21 | 134.80       
  8     250   72798  246054 x 265095      1.44%        0 new     251 zero        25.30 | 134.48       
  8     253   72548  246085 x 265118      1.44%        0 new     259 zero        25.84 | 138.40       
  8     250   72295  246105 x 265147      1.44%        0 new     250 zero        25.33 | 135.41       
  8     254   72045  246180 x 265218      1.44%        0 new     254 zero        25.78 | 136.61       
  8     251   71791  246264 x 265305      1.44%        0 new     251 zero        25.45 | 134.82       
  8     253   71540  246332 x 265370      1.44%        0 new     254 zero        25.71 | 136.64       
  8     251   71287  246372 x 265413      1.44%        0 new     251 zero        25.29 | 134.95       
  8     250   71036  246515 x 265554      1.44%        0 new     253 zero        25.86 | 135.98       
  8     252   70786  246609 x 265646      1.44%        0 new     255 zero        25.81 | 136.78       
  8     250   70534  246771 x 265813      1.44%        0 new     250 zero        25.55 | 133.62       
  8     252   70284  246859 x 265899      1.44%        0 new     252 zero        25.67 | 136.46       
  8     250   70032  246840 x 265882      1.44%        0 new     250 zero        25.89 | 136.06       
  8     250   69782  246970 x 266011      1.44%        0 new     251 zero        25.62 | 135.13       
  8     251   69532  247019 x 266060      1.44%        0 new     251 zero        25.99 | 136.86       
  8     250   69281  247127 x 266168      1.44%        0 new     251 zero        25.95 | 136.73       
  8     250   69031  247248 x 266288      1.44%        0 new     252 zero        25.73 | 136.85       
  8     250   68781  247349 x 266388      1.44%        0 new     253 zero        25.78 | 137.00       
  8     250   68531  247537 x 266578      1.44%        0 new     251 zero        25.70 | 135.26       
  8     254   68281  247565 x 266603      1.44%        0 new     254 zero        26.15 | 136.90       
  8     250   68027  247674 x 266714      1.44%        0 new     252 zero        26.17 | 136.72       
  8     252   67777  247827 x 266864      1.44%        0 new     255 zero        26.41 | 137.79       
  8     250   67525  248050 x 267092      1.44%        0 new     250 zero        26.31 | 135.17       
  8     253   67275  248413 x 267450      1.44%        0 new     255 zero        26.07 | 138.37       
  8     251   67022  248775 x 267815      1.44%        0 new     252 zero        26.03 | 136.44       
  8     252   66771  248551 x 267591      1.44%        0 new     252 zero        25.72 | 135.55       
  8     253   66519  248659 x 267698      1.44%        0 new     253 zero        26.14 | 138.00       
  8     252   66266  248746 x 267786      1.44%        0 new     252 zero        26.15 | 137.93       
  8     252   66014  248882 x 267922      1.44%        0 new     252 zero        26.21 | 137.21       
  8     252   65762  249035 x 268075      1.44%        0 new     252 zero        26.53 | 138.04       
  8     253   65510  248984 x 268023      1.44%        0 new     253 zero        26.25 | 138.88       
  8     254   65257  249053 x 268091      1.44%        0 new     254 zero        26.28 | 139.02       
  8     251   65003  249229 x 268270      1.44%        0 new     251 zero        26.64 | 138.02       
  8     251   64752  249318 x 268359      1.44%        0 new     251 zero        26.44 | 138.27       
  8     250   64501  249335 x 268377      1.44%        0 new     250 zero        26.06 | 138.00       
  8     252   64251  249397 x 268437      1.44%        0 new     252 zero        26.31 | 138.56       
  8     252   63999  249508 x 268548      1.44%        0 new     252 zero        26.59 | 138.23       
  8     252   63747  249475 x 268515      1.44%        0 new     252 zero        26.59 | 138.99       
  8     252   63495  249649 x 268689      1.45%        0 new     252 zero        26.64 | 138.39       
  8     253   63243  249714 x 268751      1.45%        0 new     255 zero        26.21 | 140.16       
  8     251   62990  249845 x 268883      1.45%        0 new     254 zero        26.41 | 140.84       
  8     251   62739  250115 x 269156      1.44%        0 new     251 zero        26.49 | 139.20       
  8     252   62488  250076 x 269116      1.45%        0 new     252 zero        26.15 | 139.75       
  8     250   62236  250119 x 269161      1.45%        0 new     250 zero        26.17 | 139.40       
  8     253   61986  250192 x 269231      1.45%        0 new     253 zero        26.47 | 140.95       
  8     251   61733  250268 x 269309      1.45%        0 new     251 zero        26.43 | 140.18       
  8     250   61482  250282 x 269324      1.45%        0 new     250 zero        26.21 | 140.38       
  8     250   61232  250383 x 269425      1.45%        0 new     250 zero        26.49 | 140.84       
  8     250   60982  250608 x 269650      1.45%        0 new     250 zero        26.50 | 140.85       
  8     251   60732  250731 x 269772      1.45%        0 new     251 zero        26.27 | 140.47       
  8     254   60481  250820 x 269858      1.45%        0 new     254 zero        27.00 | 143.24       
  8     255   60227  251226 x 270263      1.44%        0 new     255 zero        26.76 | 143.01       
  8     251   59972  251427 x 270467      1.44%        0 new     252 zero        26.68 | 141.62       
  8     250   59721  251644 x 270681      1.44%        0 new     255 zero        27.03 | 143.45       
  8     250   59471  252101 x 271143      1.44%        0 new     250 zero        27.08 | 141.88       
  8     252   59221  251920 x 270960      1.44%        0 new     252 zero        27.12 | 142.72       
  8     252   58969  252091 x 271131      1.44%        0 new     252 zero        27.17 | 143.11       
  8     251   58717  252210 x 271251      1.44%        0 new     251 zero        27.05 | 142.21       
  8     252   58466  252006 x 271046      1.44%        0 new     252 zero        26.73 | 142.42       
  8     250   58214  252153 x 271195      1.44%        0 new     250 zero        26.85 | 142.45       
  8     251   57964  252321 x 271361      1.44%        0 new     252 zero        26.86 | 142.13       
  8     252   57713  252279 x 271316      1.44%        0 new     255 zero        27.00 | 143.85       
  8     254   57461  252430 x 271465      1.44%        0 new     257 zero        27.04 | 145.32       
  8     250   57207  252579 x 271620      1.44%        0 new     251 zero        26.53 | 141.12       
  8     251   56957  252435 x 271476      1.44%        0 new     251 zero        27.16 | 142.61       
  8     251   56706  252901 x 271942      1.44%        0 new     251 zero        27.24 | 143.32       
  8     251   56455  252963 x 272001      1.44%        0 new     254 zero        27.31 | 144.00       
  8     251   56204  253107 x 272145      1.44%        0 new     254 zero        26.92 | 143.91       
  8     251   55953  253119 x 272160      1.44%        0 new     251 zero        26.84 | 141.73       
  8     250   55702  253189 x 272230      1.44%        0 new     251 zero        26.78 | 143.08       
  8     250   55452  253586 x 272627      1.44%        0 new     251 zero        27.48 | 143.44       
  8     250   55202  254298 x 273340      1.43%        0 new     250 zero        27.01 | 141.59       
  8     251   54952  253922 x 272963      1.44%        0 new     251 zero        27.20 | 142.51       
  8     251   54701  253993 x 273034      1.44%        0 new     251 zero        27.10 | 143.29       
  8     250   54450  254399 x 273441      1.44%        0 new     250 zero        27.33 | 143.70       
  8     251   54200  254303 x 273344      1.44%        0 new     251 zero        27.34 | 144.11       
  8     250   53949  254212 x 273254      1.44%        0 new     250 zero        27.13 | 142.97       
  8     252   53699  254076 x 273116      1.44%        0 new     252 zero        27.49 | 144.41       
  8     253   53447  254450 x 273488      1.44%        0 new     254 zero        27.41 | 145.03       
  8     250   53194  254723 x 273765      1.44%        0 new     250 zero        27.25 | 144.32       
  8     250   52944  255095 x 274136      1.44%        0 new     251 zero        27.99 | 145.48       
  8     250   52694  255094 x 274136      1.44%        0 new     250 zero        28.04 | 145.30       
  8     251   52444  255137 x 274178      1.44%        0 new     251 zero        27.62 | 144.99       
  8     250   52193  255009 x 274051      1.44%        0 new     250 zero        27.76 | 144.40       
  8     250   51943  255535 x 274576      1.44%        0 new     251 zero        27.58 | 145.34       
  8     251   51693  255653 x 274693      1.44%        0 new     252 zero        27.86 | 146.75       
  8     251   51442  256063 x 275104      1.43%        0 new     251 zero        27.63 | 145.56       
  8     254   51191  256017 x 275051      1.44%        0 new     258 zero        28.04 | 149.75       
  8     250   50937  256294 x 275335      1.43%        1 new     250 zero        27.96 | 146.52       
  8     251   50701  256533 x 275571      1.43%        0 new     253 zero        29.12 | 147.75       
  8     252   50450  256793 x 275831      1.43%        0 new     253 zero        28.76 | 147.44       
  8     251   50198  257205 x 276245      1.43%        0 new     251 zero        27.78 | 145.56       
  8     250   49947  257252 x 276293      1.43%        0 new     250 zero        28.39 | 146.33       
  8     250   49697  257745 x 276784      1.43%        0 new     252 zero        29.09 | 148.26       
  8     252   49447  257928 x 276962      1.43%        0 new     257 zero        29.00 | 150.41       
  8     250   49195  258460 x 277499      1.43%        0 new     252 zero        28.53 | 148.05       
  8     250   48945  258903 x 277943      1.43%        0 new     251 zero        29.08 | 148.22       
  8     252   48695  259310 x 278349      1.42%        0 new     252 zero        28.97 | 148.32       
  8     250   48443  260133 x 279169      1.42%        0 new     255 zero        29.27 | 150.82       
  8     251   48193  260976 x 280014      1.41%        0 new     253 zero        28.84 | 149.50       
  8     251   47942  261756 x 280796      1.41%        0 new     251 zero        28.77 | 147.72       
  8     250   47691  261663 x 280704      1.41%        0 new     250 zero        28.16 | 145.99       
  8     252   47441  261563 x 280602      1.41%        0 new     252 zero        28.76 | 148.70       
  8     251   47189  262512 x 281551      1.41%        0 new     252 zero        28.90 | 149.18       
  8     253   46938  262241 x 281279      1.41%        0 new     253 zero        28.75 | 150.54       
  8     254   46685  262298 x 281335      1.41%        0 new     254 zero        28.53 | 150.90       
  8     250   46431  262867 x 281908      1.41%        0 new     250 zero        28.67 | 149.29       
  8     252   46181  262835 x 281874      1.41%        0 new     252 zero        29.26 | 152.79       
  8     250   45929  262937 x 281978      1.41%        0 new     250 zero        28.49 | 151.07       
  8     251   45679  263174 x 282214      1.41%        0 new     251 zero        28.62 | 151.43       
  8     253   45428  263202 x 282240      1.41%        0 new     253 zero        28.55 | 152.28       
  8     250   45175  263381 x 282422      1.41%        0 new     250 zero        29.11 | 152.73       
  8     250   44925  263805 x 282846      1.41%        0 new     250 zero        29.09 | 151.83       
  8     250   44675  264067 x 283108      1.41%        0 new     250 zero        29.25 | 153.12       
  8     250   44425  263827 x 282868      1.41%        0 new     250 zero        28.48 | 152.58       
  8     252   44175  264161 x 283200      1.41%        0 new     252 zero        28.94 | 153.60       
  8     251   43923  264345 x 283385      1.41%        0 new     251 zero        29.64 | 155.11       
  8     250   43672  264452 x 283493      1.41%        0 new     250 zero        29.17 | 153.99       
  8     250   43422  264742 x 283783      1.41%        0 new     250 zero        29.34 | 153.14       
  8     251   43172  264650 x 283690      1.41%        0 new     251 zero        29.36 | 154.97       
  8     250   42921  264726 x 283767      1.41%        0 new     250 zero        29.25 | 154.61       
  8     252   42671  264936 x 283975      1.42%        0 new     252 zero        29.37 | 155.37       
  8     253   42419  265158 x 284196      1.42%        0 new     253 zero        29.82 | 156.45       
  8     252   42166  265557 x 284596      1.42%        0 new     252 zero        29.77 | 157.01       
  8     250   41914  265550 x 284589      1.42%        0 new     252 zero        29.88 | 156.77       
  8     251   41664  265724 x 284764      1.42%        0 new     251 zero        29.83 | 157.17       
  8     250   41413  265866 x 284907      1.42%        0 new     250 zero        29.53 | 156.50       
  8     250   41163  266025 x 285066      1.42%        0 new     250 zero        29.94 | 156.94       
  8     252   40913  266192 x 285231      1.42%        0 new     252 zero        30.34 | 157.86       
  8     251   40661  266489 x 285526      1.42%        0 new     254 zero        29.69 | 158.16       
  8     250   40410  266642 x 285683      1.42%        0 new     250 zero        29.94 | 156.95       
  8     251   40160  266826 x 285866      1.42%        0 new     251 zero        30.03 | 157.30       
  8     250   39909  267218 x 286259      1.42%        0 new     250 zero        30.10 | 157.39       
  8     251   39659  267399 x 286439      1.42%        0 new     251 zero        30.43 | 159.23       
  8     252   39408  268128 x 287167      1.42%        0 new     252 zero        30.89 | 159.51       
  8     250   39156  268433 x 287473      1.42%        0 new     251 zero        30.43 | 157.48       
  8     250   38906  268379 x 287420      1.42%        0 new     250 zero        30.11 | 159.65       
  8     250   38656  269042 x 288083      1.42%        0 new     250 zero        30.56 | 160.98       
  8     252   38406  269378 x 288416      1.42%        0 new     253 zero        30.81 | 162.47       
  8     250   38154  270106 x 289146      1.42%        0 new     251 zero        30.77 | 161.49       
  8     255   37904  270184 x 289220      1.43%        0 new     255 zero        30.94 | 164.92       
  8     252   37649  270354 x 289393      1.43%        0 new     252 zero        30.86 | 163.53       
  8     250   37397  270549 x 289590      1.43%        0 new     250 zero        31.36 | 162.80       
  8     252   37147  270846 x 289885      1.43%        0 new     252 zero        31.61 | 165.13       
  8     252   36895  271083 x 290122      1.43%        0 new     252 zero        31.31 | 164.68       
  8     250   36643  271453 x 290494      1.43%        0 new     250 zero        30.92 | 162.26       
  8     250   36393  271732 x 290773      1.43%        0 new     250 zero        31.54 | 164.90       
  8     250   36143  272217 x 291258      1.43%        0 new     250 zero        32.91 | 164.14       
  8     250   35893  272611 x 291652      1.43%        0 new     250 zero        32.21 | 162.96       
  8     251   35643  273298 x 292338      1.43%        0 new     251 zero        33.08 | 165.79       
  8     250   35392  273548 x 292589      1.43%        0 new     250 zero        32.70 | 166.28       
  8     251   35142  273853 x 292893      1.43%        0 new     251 zero        33.33 | 168.11       
  8     250   34891  274077 x 293118      1.43%        0 new     250 zero        33.21 | 168.10       
  8     253   34641  274405 x 293443      1.43%        0 new     253 zero        33.55 | 169.70       
  8     250   34388  274754 x 293795      1.43%        1 new     249 zero        32.89 | 168.41       
  8     251   34152  275137 x 294176      1.43%        0 new     251 zero        33.40 | 167.09       
  8     250   33901  275479 x 294519      1.43%        0 new     250 zero        33.50 | 168.75       
  8     252   33651  275988 x 295026      1.42%        0 new     252 zero        33.58 | 169.59       
  8     250   33399  276421 x 295461      1.42%        0 new     250 zero        33.86 | 169.32       
  8     250   33149  277215 x 296255      1.42%        0 new     250 zero        34.13 | 171.42       
  8     250   32899  278027 x 297067      1.42%        0 new     250 zero        34.61 | 170.64       
  8     250   32649  279164 x 298204      1.41%        0 new     250 zero        34.59 | 171.86       
  8     250   32399  280280 x 299320      1.40%        0 new     250 zero        35.64 | 172.73       
  8     250   32149  280035 x 299075      1.41%        0 new     250 zero        33.62 | 170.35       
  8     250   31899  281982 x 301022      1.41%        0 new     250 zero        34.46 | 173.64       
  8     250   31649  282766 x 301806      1.42%        0 new     250 zero        35.25 | 176.99       
  8     251   31399  283236 x 302275      1.42%        0 new     251 zero        35.41 | 177.80       
  8     250   31148  283538 x 302578      1.42%        0 new     250 zero        35.62 | 175.64       
  8     250   30898  283892 x 302932      1.42%        0 new     250 zero        36.19 | 179.10       
  8     250   30648  284301 x 303341      1.42%        0 new     250 zero        35.47 | 177.48       
  8     250   30398  285321 x 304361      1.42%        0 new     250 zero        36.51 | 179.12       
  8     252   30148  285956 x 304994      1.42%        0 new     252 zero        36.82 | 184.17       
  8     255   29896  286668 x 305703      1.42%        0 new     255 zero        36.98 | 186.12       
  8     253   29641  286996 x 306033      1.42%        0 new     253 zero        36.88 | 185.70       
  8     250   29388  287535 x 306575      1.42%        0 new     250 zero        37.11 | 184.08       
  8     250   29138  288331 x 307371      1.42%        0 new     250 zero        36.96 | 184.93       
  8     250   28888  289310 x 308350      1.42%        0 new     250 zero        37.66 | 185.80       
  8     250   28638  290500 x 309540      1.41%        0 new     250 zero        38.72 | 186.59       
  8     250   28388  291615 x 310655      1.41%        0 new     250 zero        39.07 | 189.32       
  8     250   28138  293438 x 312478      1.41%        0 new     250 zero        37.94 | 187.08       
  8     253   27888  295211 x 314248      1.41%        0 new     253 zero        39.02 | 197.27       
  8     251   27635  298704 x 317743      1.39%        0 new     251 zero        39.03 | 198.33       
  8     251   27384  299448 x 318487      1.39%        0 new     251 zero        38.94 | 197.79       
  8     250   27133  304033 x 323073      1.37%        0 new     250 zero        39.67 | 198.38       
  8     250   26883  307211 x 326251      1.35%        0 new     250 zero        40.52 | 201.82       
  8     250   26633  309234 x 328274      1.34%        0 new     250 zero        40.97 | 202.20       
  8     251   26383  311025 x 330064      1.33%        0 new     251 zero        42.89 | 207.63       
  8     250   26132  312239 x 331279      1.33%        0 new     250 zero        43.36 | 211.58       
  8     252   25882  312377 x 331415      1.33%        0 new     252 zero        43.31 | 213.15       
  8     252   25630  312289 x 331327      1.33%        0 new     252 zero        42.62 | 212.64       
  8     251   25378  312970 x 332009      1.33%        0 new     251 zero        43.49 | 214.62       
  8     250   25127  314241 x 333281      1.32%        0 new     250 zero        46.18 | 222.75       
  8     250   24877  313925 x 332965      1.33%        0 new     250 zero        45.63 | 222.87       
  8     252   24627  314669 x 333707      1.32%        0 new     252 zero        47.45 | 228.56       
  8     250   24375  314709 x 333749      1.33%        0 new     250 zero        45.63 | 225.14       
  8     250   24125  314450 x 333490      1.33%        0 new     250 zero        47.49 | 229.54       
  8     252   23875  314892 x 333930      1.33%        0 new     252 zero        46.31 | 224.61       
  8     250   23623  315651 x 334691      1.33%        0 new     250 zero        49.38 | 233.42       
  8     251   23373  315686 x 334725      1.33%        0 new     251 zero        49.45 | 239.19       
  8     252   23122  315685 x 334723      1.33%        0 new     252 zero        50.02 | 242.46       
  8     250   22870  316351 x 335391      1.33%        0 new     250 zero        53.68 | 256.07       
  8     251   22620  316361 x 335400      1.33%        0 new     251 zero        52.50 | 247.74       
  8     250   22369  317131 x 336171      1.33%        0 new     250 zero        50.23 | 241.44       
  8     250   22119  317745 x 336785      1.33%        0 new     250 zero        52.24 | 252.32       
  8     251   21869  318697 x 337736      1.32%        0 new     251 zero        52.45 | 247.98       
  8     250   21618  319044 x 338084      1.33%        0 new     250 zero        69.69 | 318.63       
  8     250   21368  320525 x 339565      1.33%        0 new     250 zero        70.07 | 318.76       
  8     251   21118  320589 x 339628      1.33%        0 new     251 zero        67.52 | 304.26       
  8     252   20867  321535 x 340573      1.33%        0 new     252 zero        69.30 | 309.36       
  8     250   20615  321703 x 340743      1.33%        0 new     250 zero        67.65 | 311.65       
  8     252   20365  322280 x 341318      1.33%        0 new     252 zero        70.82 | 321.44       
  8     250   20113  324162 x 343202      1.33%        0 new     250 zero        67.80 | 309.97       
  8     250   19863  324640 x 343680      1.33%        0 new     250 zero        70.12 | 321.11       
  8     250   19613  324949 x 343989      1.33%        0 new     250 zero        72.06 | 330.81       
  8     250   19363  325364 x 344404      1.33%        0 new     250 zero        69.45 | 313.83       
  8     250   19113  325882 x 344922      1.33%        0 new     250 zero        67.58 | 310.29       
  8     250   18863  327196 x 346236      1.33%        0 new     250 zero        72.45 | 329.47       
  8     250   18613  328245 x 347285      1.32%        0 new     250 zero        68.53 | 311.12       
  8     250   18363  329678 x 348718      1.32%        0 new     250 zero        71.24 | 322.87       
  8     250   18113  332976 x 352016      1.32%        0 new     250 zero        71.57 | 327.07       
  8     250   17863  335413 x 354453      1.32%        0 new     250 zero        77.02 | 353.64       
  8     252   17613  337148 x 356186      1.32%        0 new     252 zero        78.93 | 353.98       
  8     250   17361  337741 x 356781      1.32%        0 new     250 zero        76.52 | 346.85       
  8     253   17111  339024 x 358061      1.32%        0 new     253 zero        78.55 | 354.75       
  8     250   16858  340609 x 359649      1.31%        0 new     250 zero        76.19 | 340.67       
  8     252   16608  341301 x 360339      1.31%        0 new     252 zero        75.11 | 334.30       
  8     250   16356  344773 x 363813      1.31%        0 new     250 zero        79.29 | 363.41       
  8     250   16106  348267 x 367307      1.30%        0 new     250 zero        81.20 | 363.96       
  8     250   15856  349141 x 368181      1.30%        0 new     250 zero        78.03 | 352.40       
  8     252   15606  353124 x 372162      1.29%        0 new     252 zero        85.03 | 377.41       
  8     251   15354  356844 x 375883      1.27%        0 new     251 zero        79.58 | 362.88       
  8     250   15103  358755 x 377795      1.26%        0 new     250 zero        77.82 | 345.72       
  8     250   14853  363739 x 382779      1.26%        0 new     250 zero        81.18 | 363.71       
  8     251   14603  367921 x 386960      1.26%        0 new     251 zero        89.31 | 399.82       
  8     250   14352  369517 x 388557      1.26%        0 new     250 zero        88.58 | 400.60       
  8     252   14102  370750 x 389788      1.25%        0 new     252 zero        88.67 | 397.23       
  8     250   13850  377668 x 396708      1.25%        0 new     250 zero        90.50 | 407.94       
  8     254   13600  382624 x 401660      1.23%        0 new     254 zero        93.71 | 417.90       
  8     250   13346  386652 x 405692      1.22%        0 new     250 zero        92.14 | 422.02       
  8     250   13096  403236 x 422276      1.18%        0 new     250 zero       101.73 | 452.63       
  8     227   12846  420058 x 439121      1.12%        0 new     227 zero       101.91 | 443.68       
  9     250   12619  252466 x 271506      1.44%        0 new     250 zero        28.27 | 137.21       
  9     250   12369  288163 x 307203      1.41%        0 new     250 zero        35.67 | 170.93       
  9     250   12119  288746 x 307786      1.40%        0 new     250 zero        37.18 | 188.45       
  9     250   11869  487618 x 506658      0.86%        0 new     250 zero       110.80 | 450.21       
  9     251   11619  582958 x 601997      0.63%        0 new     251 zero       110.80 | 507.94       
  9     250   11368  562401 x 581441      0.67%        0 new     250 zero       110.39 | 500.83       
  9     251   11118  562538 x 581577      0.67%        0 new     251 zero       110.28 | 507.51       
  9     250   10867  564982 x 584022      0.67%        0 new     250 zero       107.27 | 506.39       
  9     250   10617  598465 x 617505      0.60%        0 new     250 zero       108.44 | 507.72       
  9     250   10367  599345 x 618385      0.60%        0 new     250 zero       108.36 | 503.52       
  9     253   10117  554629 x 573666      0.69%        0 new     253 zero       109.51 | 512.77       
  9     252    9864  554705 x 573743      0.69%        0 new     252 zero       111.89 | 506.19       
  9     250    9612  554760 x 573800      0.69%        0 new     250 zero       106.32 | 504.49       
  9     251    9362  554937 x 573976      0.69%        0 new     251 zero       109.71 | 504.69       
  9     252    9111  551841 x 570879      0.69%        0 new     252 zero       110.45 | 509.12       
  9     250    8859  551889 x 570929      0.69%        0 new     250 zero       107.39 | 506.00       
  9     250    8609  551991 x 571031      0.70%        0 new     250 zero       108.59 | 507.94       
  9     251    8359  552039 x 571078      0.70%        0 new     251 zero       111.83 | 512.00       
  9     250    8108  552219 x 571259      0.70%        0 new     250 zero       109.42 | 508.98       
  9     251    7858  552349 x 571388      0.70%        0 new     251 zero       112.38 | 509.88       
  9     250    7607  552403 x 571443      0.70%        0 new     250 zero       110.58 | 509.04       
  9     250    7357  552509 x 571549      0.70%        0 new     250 zero       109.52 | 506.44       
  9     252    7107  552741 x 571779      0.70%        0 new     252 zero       113.42 | 511.72       
  9     250    6855  553011 x 572051      0.69%        0 new     250 zero       113.29 | 512.69       
  9     252    6605  537484 x 556522      0.73%        0 new     252 zero       113.12 | 521.97       
  9     250    6353  537407 x 556447      0.73%        0 new     250 zero       113.87 | 529.29       
  9     250    6103  537719 x 556759      0.73%        0 new     250 zero       117.56 | 543.94       
  9     252    5853  538305 x 557343      0.73%        0 new     252 zero       113.45 | 530.74       
  9     250    5601  538407 x 557447      0.73%        0 new     250 zero       111.44 | 516.04       
  9     250    5351  538685 x 557725      0.73%        0 new     250 zero       112.19 | 523.23       
  9     251    5101  538915 x 557954      0.73%        0 new     251 zero       117.41 | 541.72       
  9     250    4850  541219 x 560259      0.72%        0 new     250 zero       109.74 | 507.98       
  9     250    4600  543203 x 562243      0.72%        0 new     250 zero       113.01 | 522.80       
  9     250    4350  548136 x 567176      0.71%        0 new     250 zero       108.37 | 514.74       
  9     253    4100  550341 x 569378      0.70%        0 new     253 zero       116.26 | 542.16       
  9     252    3847  552382 x 571420      0.70%        0 new     252 zero       115.84 | 532.47       
  9     250    3595  568471 x 587511      0.67%        0 new     250 zero       120.29 | 549.28       
  9     250    3345  570435 x 589475      0.66%        0 new     250 zero       127.64 | 571.51       
  9     251    3095  591460 x 610499      0.62%        0 new     251 zero       114.50 | 526.84       
  9     252    2844  606238 x 625276      0.60%        0 new     252 zero       118.72 | 557.98       
  9     252    2592  606304 x 625342      0.60%        0 new     252 zero       121.64 | 554.17       
  9     251    2340  606485 x 625524      0.60%        0 new     251 zero       112.99 | 527.28       
  9     250    2089  606550 x 625590      0.60%        0 new     250 zero       111.12 | 530.08       
  9     252    1839  606623 x 625661      0.60%        0 new     252 zero       117.79 | 534.26       
  9     250    1587  607233 x 626273      0.60%        0 new     250 zero       117.22 | 548.09       
  9     250    1337  607338 x 626378      0.60%        0 new     250 zero       115.22 | 538.96       
  9     250    1087  607497 x 626537      0.60%        0 new     250 zero       116.38 | 540.43       
  9     252     837  607825 x 626863      0.60%        0 new     252 zero       110.97 | 524.54       
  9     250     585  610137 x 629177      0.59%        0 new     250 zero       117.49 | 549.12       
  9     250     335  674730 x 693770      0.51%        0 new     250 zero       120.54 | 555.33       
  9      82      85  875437 x 894645      0.44%        0 new      82 zero       104.97 | 258.35       
 10       3       3  768734 x 788021      0.47%        0 new       3 zero        55.75 | 63.84        
------------------------------------------------------------------------------------------------------
reduce final basis   153856 x 173146      2.87%    15845 new       0 zero       302.49 | 301.05       
------------------------------------------------------------------------------------------------------

---------------- TIMINGS ----------------
overall(elapsed)    22752.27 sec
overall(cpu)       108617.53 sec
select                 69.85 sec   0.3%
symbolic prep.       10148.41 sec  44.6%
update                 63.77 sec   0.3%
convert               229.65 sec   1.0%
linear algebra      12212.00 sec  53.7%
reduce gb               0.00 sec   0.0%
-----------------------------------------

---------- COMPUTATIONAL DATA -----------
size of basis                 15845
#terms in basis           198818903
#pairs reduced               230603
#GM criterion             246466975
#redundant elements            6368
#rows reduced                479675
#zero reductions             209745
max. matrix data             875437 x 894645 (0.438%)
max. symbolic hash table size  2^20
max. basis hash table size     2^24
-----------------------------------------



------------------------------------------------------------------------------------
msolve overall time       22802.98 sec (elapsed) / 108667.92 sec (cpu)
------------------------------------------------------------------------------------
SOLVER END {"status": "finished", "started_utc": "2026-09-06T17:27:38.882959+00:00", "supervisor_pid": 9989, "command": ["/tmp/litt3-msolve-lowmem.bQGL6w/msolve-0.10.1/msolve", "-t", "10", "-l", "2", "-m", "250", "-v", "2", "-g", "2", "-f", "/Users/julian/Documents/litt3/Research/computations/normalized_oper_msolve.in", "-o", "/Users/julian/Documents/litt3/Research/computations/normalized_oper_msolve.gb"], "input_sha256": "c378d97ee11e2f1e306402a47a90cca586316734df3475d0099d3eabe2253f2a", "log": "/Users/julian/Documents/litt3/Research/computations/normalized_oper_solver.log", "output": "/Users/julian/Documents/litt3/Research/computations/normalized_oper_msolve.gb", "solver_pid": 9991, "ended_utc": "2026-09-06T23:47:42.029515+00:00", "returncode": 0, "output_bytes": 4517491660}
